{
  "region_metrics_2000_2024": {
    "Northeast": {
      "growth_pct": 3.1185031185031185,
      "gdp_r": 0.2532675675261106
    },
    "Rocky Mountain": {
      "growth_pct": 47.44049919929315,
      "gdp_r": 0.9134289365351003
    },
    "Midwest": {
      "growth_pct": -25.256929305512298,
      "gdp_r": -0.3761775230914721
    },
    "Pacific Southwest": {
      "growth_pct": 20.282664261013387,
      "gdp_r": 0.05806415383691096
    },
    "Pacific Northwest": {
      "growth_pct": 10.526315789473696,
      "gdp_r": 0.48610302790685583
    },
    "Southeast": {
      "growth_pct": -19.090733962627617,
      "gdp_r": 0.01895324313301027
    }
  },
  "morans_I": {
    "mean": -0.48257376887154746,
    "min": -0.5197369737635837,
    "min_year": 2009,
    "max": -0.3815266608000356,
    "max_year": 2016,
    "n_significant_p10": 0,
    "n_total": 30,
    "period_1996_2010_mean": -0.4962076071677982,
    "period_2011_2025_mean": -0.46796608498270736
  },
  "theil": {
    "first_year": 1996,
    "first_value": 0.16313156991589361,
    "last_year": 2024,
    "last_value": 0.265222592834507,
    "change": 0.10209102291861338,
    "change_pct": 62.58201461020013,
    "trend_slope": 0.0029692330849799236,
    "trend_p": 1.3713740259833625e-05,
    "r_squared": 0.5096371632976302
  }
}